rockstarid,mvir,rvir,rs,x,y,z
14406389060,446920000000,155.569,12.758,112.112,309.774,518.893
14406390050,446920000000,155.569,22.687,80.2781,259.788,562.812
14406390080,446920000000,155.569,23.395,0.46118,251.85,587.85
14406390460,446920000000,155.569,10.812,86.6165,283.552,603.962
14406390880,446920000000,155.569,14.223,12.2843,285.389,545.158
14406391380,446920000000,155.569,25.019,113.77,294.441,517.085
14406391790,446920000000,155.569,26.047,19.9362,275.089,516.689
14406392070,446920000000,155.569,18.427,148.06,308.48,555.465
14406392080,446920000000,155.569,12.358,126.977,302.19,541.266
14406392660,446920000000,155.569,24.828,39.4685,296.925,501.29
14406394350,446920000000,155.569,25.056,71.5731,266.696,594.053
14406394920,446920000000,155.569,22.733,88.7236,299.994,558.108
14406396100,446920000000,155.569,9.55,84.4075,255.988,553.006
14406396590,446920000000,155.569,28.159,72.4651,254.97,590.561
14406397350,446920000000,155.569,13.365,147.087,297.14,504.134
14406397990,446920000000,155.569,22.728,31.716,292.744,564.992
14406399550,446920000000,155.569,10.433,67.6674,250.082,639.361
14406399700,446920000000,155.569,6.307,152.418,298.773,713.499
14406400010,446920000000,155.569,23.347,149.665,288.551,696.02
14406400790,446920000000,155.569,17.422,48.8367,265.725,628.069
14406402640,446920000000,155.569,20.34,104.101,266.327,722.858
14406403440,446920000000,155.569,15.238,65.665,255.129,625.896
14406404230,446920000000,155.569,44.401,92.7326,309.756,742.103
14406409410,446920000000,155.569,39.04,93.8323,311.487,744.064
14406409630,446920000000,155.569,10.085,63.9171,264.858,621.967
14406410440,446920000000,155.569,18.134,81.4488,284.033,613.324
14406411360,446920000000,155.569,48.761,9.28351,309.307,674.891
14406413620,446920000000,155.569,21.602,52.888,281.476,636.163
14406422700,446920000000,155.569,21.77,113.831,257.755,729.894
14406426480,446920000000,155.569,19.527,143.741,277.578,705.962
14406430490,446920000000,155.569,21.892,158.958,311.477,666.29
14406433550,446920000000,155.569,49.368,89.9955,268.615,653.269
14406433750,446920000000,155.569,13.072,6.40832,265.427,710.06
14406434260,446920000000,155.569,17.357,13.7057,287.444,662.639
14406434480,446920000000,155.569,67.246,160.147,282.237,653.139
14406434760,446920000000,155.569,19.635,46.7635,282.587,639.44
14406434800,446920000000,155.569,20.979,17.9954,288.946,654.281
14406435280,446920000000,155.569,38.752,39.4353,288.098,702.511
14406435830,446920000000,155.569,51.836,79.9597,259.566,710.631
14406436120,446920000000,155.569,34.896,106.803,281.571,749.722
14406436180,446920000000,155.569,5.445,138.888,258.782,650.89
14406436760,446920000000,155.569,12.744,108.043,263.789,748.542
14406436810,446920000000,155.569,10.373,128.436,307.211,625.799
14406437120,446920000000,155.569,27.483,63.9779,299.46,618.975
14406437490,446920000000,155.569,13.469,104.448,306.799,609.711
14406438090,446920000000,155.569,37.634,143.268,279.186,650.261
14406438380,446920000000,155.569,48.551,65.9796,283.071,749.05
14406438810,446920000000,155.569,17.727,118.792,265.598,711.278
14406438890,446920000000,155.569,16.932,114.886,280.454,618.377
14406439610,446920000000,155.569,15.887,137.816,278.977,655.44
14406439630,446920000000,155.569,18.572,150.928,265.88,628.404
14406439900,446920000000,155.569,22.339,45.834,294.054,693.588
14406439920,446920000000,155.569,13.449,61.2799,264.177,686.755
14406439990,446920000000,155.569,10.683,51.6653,278.04,644.79
14406440820,446920000000,155.569,18.535,42.0946,278.142,682.064
14406440910,446920000000,155.569,16.161,3.74205,256.791,671.301
14406442180,446920000000,155.569,24.734,126.829,277.753,653.471
14406442630,446920000000,155.569,13.09,63.6374,299.959,623.016
14406443580,446920000000,155.569,19.542,67.6455,298.629,699.633
14407152032,752700000000,185.092,14.546,151.675,313.046,563.141
14419663981,705660000000,181.153,18.943,171.797,399.076,874.961
14419665251,705660000000,181.153,7.682,246.143,406.017,808.574
14419668671,705660000000,181.153,17.674,223.741,375.309,893.69
14419673301,705660000000,181.153,16.199,176.146,392.002,835.642
14419673691,705660000000,181.153,20.151,209.756,337.577,830.95
14419674161,705660000000,181.153,38.301,189.061,315.672,750.46
14419676031,705660000000,181.153,7.239,245.45,422.612,823.846
14419676571,705660000000,181.153,12.082,217.848,421.534,798.774
14419676951,705660000000,181.153,20.049,186.339,402.133,896.726
14419677051,705660000000,181.153,12.265,243.024,419.096,771.19
14419677461,705660000000,181.153,21.57,175.812,425.809,851.543
14419677471,705660000000,181.153,42.674,236.311,340.736,896.463
14407153132,752700000000,185.092,23.771,155.91,355.219,542.135
14407153552,752700000000,185.092,24.358,7.20302,416.253,564.636
14407154482,752700000000,185.092,27.758,16.4191,347.914,525.242
14407154582,752700000000,185.092,11.787,81.7656,409.81,589.045
14407154632,752700000000,185.092,21.678,55.3376,371.375,553.527
14407154762,752700000000,185.092,21.814,72.1698,401.949,591.898
14407155202,752700000000,185.092,13.722,12.0642,346.764,541.911
14407156032,752700000000,185.092,26.689,22.3378,362.974,521.929
14407156242,752700000000,185.092,15.637,23.7586,354.925,514.987
14407156902,752700000000,185.092,21.17,4.11076,456.813,599.455
14407157402,752700000000,185.092,20.224,27.6447,451.813,540.438
14407157612,752700000000,185.092,38.776,96.1979,351.765,529.879
14419492278,352830000000,143.781,29.636,196.024,421.338,273.461
14419493788,352830000000,143.781,12.187,205.583,312.665,273.511
14419495058,352830000000,143.781,8.997,189.015,323.508,272.835
14419495488,352830000000,143.781,19.702,220.949,345.03,313.562
14419495958,352830000000,143.781,13.499,204.427,314.509,360.454
14419496198,352830000000,143.781,16.068,199.63,368.592,361.751
14419498098,352830000000,143.781,5.907,209.862,422.488,351.385
14419498328,352830000000,143.781,14.359,182.271,435.284,359.285
14419498398,352830000000,143.781,5.561,207.696,324.122,385.805
14419498438,352830000000,143.781,15.294,203.942,369.35,280.915
14419498688,352830000000,143.781,4.264,235.936,438.765,420.225
14419498738,352830000000,143.781,12.556,238.468,337.333,391.853
14420344319,1082000000000,208.893,14.225,224.291,469.203,511.116
14420346349,1082000000000,208.893,40.23,217.358,479.437,646.27
14420346709,1082000000000,208.893,21.252,205.838,499.191,543
14420347009,1082000000000,208.893,13.284,185.107,483.2,641.118
14420350819,1082000000000,208.893,15.121,224.325,486.548,584.815
14420372759,1082000000000,208.893,52.885,176.013,490.62,682.166
14420386379,1082000000000,208.893,14.289,234.454,498.692,685.916
14420397819,1082000000000,208.893,30.684,188.288,486.231,730.058
14420399779,1082000000000,208.893,17.186,230.885,474.065,708.616
14406357889,1058500000000,207.368,21.295,16.4998,305.266,519.985
14406358399,1058500000000,207.368,13.902,127.581,300.76,557.058
14406358789,1058500000000,207.368,10.235,76.8714,287.329,511.24
14419677501,705660000000,181.153,19.07,178.763,363.875,871.63
14419679731,705660000000,181.153,11.194,195.838,328.959,862.442
14419691291,705660000000,181.153,27.106,249.798,361.308,959.404
14419692221,705660000000,181.153,7.761,218.809,317.531,978.765
14419694411,705660000000,181.153,8.219,224.939,376.036,961.477
14419695481,705660000000,181.153,20.21,201.221,316.979,961.258
14419697111,705660000000,181.153,4.772,184.531,389.568,972.033
14419699011,705660000000,181.153,23.795,238.843,328.151,943.996
14419707201,705660000000,181.153,26.109,236.352,436.383,999.786
14419710411,705660000000,181.153,9.972,185.424,332.296,924.144
14419719291,705660000000,181.153,20.441,195.625,330.745,903.652
14419719801,705660000000,181.153,25.995,239.723,390.666,955.791
14407129794,188180000000,116.601,26.715,91.1328,330.683,545.398
14407136354,188180000000,116.601,23.935,36.7242,377.374,517.71
14407138584,188180000000,116.601,31.753,127.247,408.019,568.192
14407144644,188180000000,116.601,25.832,78.7105,316.022,539.994
14407157644,188180000000,116.601,7.033,62.146,444.521,563.538
14407159234,188180000000,116.601,26.121,15.6919,347.027,583.086
14407160004,188180000000,116.601,24.903,115.088,463.138,512.94
14407160854,188180000000,116.601,25.838,148.202,348.468,517.258
14407161574,188180000000,116.601,52.581,146.524,343.973,546.768
14407161654,188180000000,116.601,23.734,114.116,343.269,511.592
14407162914,188180000000,116.601,36.745,111.751,349.62,566.604
14407164254,188180000000,116.601,26.273,115.469,431.416,556.463
14407155577,1199600000000,216.202,40.622,58.8012,342.277,554.224
14407155967,1199600000000,216.202,30.055,57.6642,433.79,528.695
14407156057,1199600000000,216.202,13.714,122.822,458.971,544.248
14407176007,1199600000000,216.202,24.467,145.352,463.118,655.359
14407178057,1199600000000,216.202,15.146,90.3111,415.435,603.16
14407179907,1199600000000,216.202,10.837,136.333,458.431,648.767
14407180237,1199600000000,216.202,13.507,72.3205,320.67,665.362
14407182067,1199600000000,216.202,21.647,158.453,349.769,638.557
14407182997,1199600000000,216.202,31.336,140.161,393.662,646.198
14407187627,1199600000000,216.202,17.181,110.704,336.21,707.038
14407187807,1199600000000,216.202,20.043,132.101,337.277,643.041
14407191277,1199600000000,216.202,18.938,49.4001,349.422,744.797
14407213385,658620000000,177.034,24.208,139.658,453.519,729.954
14407213735,658620000000,177.034,30.56,75.7211,424.92,731.009
14407214135,658620000000,177.034,24.704,129.028,316.174,737.833
14407214595,658620000000,177.034,29.243,45.9546,316.521,669.577
14407913325,658620000000,177.034,10.58,43.9851,497.667,512.978
14407915595,658620000000,177.034,9.319,64.4386,497.653,506.435
14407920885,658620000000,177.034,11.444,63.3395,497.981,553.16
14407939625,658620000000,177.034,12.758,16.4203,471.306,552.317
14407939935,658620000000,177.034,23.664,64.4641,469.231,564.788
14407940115,658620000000,177.034,27.028,155.606,494.515,554.231
14407942645,658620000000,177.034,15.089,130.327,475.204,626.508
14407942715,658620000000,177.034,13.079,148.832,493.213,603.536
14407157632,752700000000,185.092,14.11,76.3499,432.801,587.435
14407157822,752700000000,185.092,31.477,121.762,397.436,545.813
14407158442,752700000000,185.092,13.632,149.214,348.462,543.731
14407159642,752700000000,185.092,9.496,91.5895,465.889,520.722
14407159772,752700000000,185.092,34.604,80.8931,401.898,589.41
14407159872,752700000000,185.092,19.105,83.5442,319.325,586.088
14407159892,752700000000,185.092,16.723,31.585,364.282,542.46
14407160082,752700000000,185.092,14.36,160.415,359.103,502.787
14407160262,752700000000,185.092,19.359,78.9999,383.694,517.819
14407160422,752700000000,185.092,16.284,84.1691,368.495,594.952
14407161272,752700000000,185.092,16.867,74.4752,433.146,590.088
14407161582,752700000000,185.092,30.532,109.844,388.137,570.266
14406515096,2422800000000,273.285,74.949,89.008,308.561,1038.36
14406554686,2422800000000,273.285,18.541,149.563,273.307,1166.46
14406554886,2422800000000,273.285,103.694,149.305,279.689,1119.59
14406555496,2422800000000,273.285,25.932,108.468,251.355,1182.92
14407292386,2422800000000,273.285,38.4,97.4538,324.389,1055.78
14407293046,2422800000000,273.285,27.556,76.6192,323.151,1070.21
14407327916,2422800000000,273.285,22.033,152.342,373.691,1173.69
14407332826,2422800000000,273.285,20.182,72.2104,333.046,1109.34
14407342076,2422800000000,273.285,34.494,96.2067,395.825,1229.62
14418930666,2422800000000,273.285,91.706,180.095,260.278,1084.61
14418977946,2422800000000,273.285,42.665,229.652,277.411,1102.81
14419697326,2422800000000,273.285,37.415,238.809,350.566,1064.28
14406402313,682140000000,179.117,15.843,122.032,270.906,677.158
14406408693,682140000000,179.117,15.056,144.228,268.294,618.518
14406415323,682140000000,179.117,12.765,103.166,264.281,724.258
14406417223,682140000000,179.117,63.38,134.591,291.809,703.532
14406425713,682140000000,179.117,12.281,62.2351,279.167,641.865
14406426043,682140000000,179.117,20.408,92.9456,275.896,699.152
14406427113,682140000000,179.117,49.176,9.93661,298.698,660.853
14406428453,682140000000,179.117,21.921,18.8155,310.377,737.992
14406429433,682140000000,179.117,24.011,1.87475,256.369,617.663
14406429723,682140000000,179.117,15.729,41.1037,307.344,660.091
14406430063,682140000000,179.117,9.898,30.6505,250.814,679.5
14406430983,682140000000,179.117,28.992,95.2825,259.476,676.728
14406359999,1058500000000,207.368,69.096,93.7537,309.748,583.307
14406361919,1058500000000,207.368,35.052,45.1217,268.903,558.202
14406361989,1058500000000,207.368,29.121,125.276,273.979,508.621
14406364699,1058500000000,207.368,19.666,76.3823,305.134,604.512
14406366939,1058500000000,207.368,29.238,2.88927,288.271,527.477
14406368809,1058500000000,207.368,39.619,123.377,277.155,520.843
14406369819,1058500000000,207.368,37.644,140.326,254.048,553.265
14406373409,1058500000000,207.368,16.525,53.7771,254.84,530.753
14406373749,1058500000000,207.368,22.563,114.75,254.891,546.652
14406374099,1058500000000,207.368,29.918,43.3139,252.57,599.857
14406374959,1058500000000,207.368,17.132,159.239,271.748,538.771
14406375249,1058500000000,207.368,43.957,40.0753,261.702,556.19
14407165154,188180000000,116.601,2.247,47.6882,415.424,515.004
14407166464,188180000000,116.601,29.691,75.4533,355.24,539.08
14407169384,188180000000,116.601,17.66,59.3215,320.969,589.477
14407169634,188180000000,116.601,49.294,97.4204,403.717,587.767
14407170094,188180000000,116.601,30.026,54.9401,433.974,529.16
14407170724,188180000000,116.601,30.455,107.692,339.431,568.055
14407171344,188180000000,116.601,12.89,134.332,464.054,589.341
14407171684,188180000000,116.601,36.997,122.231,324.968,543.968
14407173154,188180000000,116.601,19.466,80.0564,377.101,558.295
14407173234,188180000000,116.601,26.84,17.0486,352.516,594.379
14407173534,188180000000,116.601,33.196,114.22,419.591,535.164
14407174054,188180000000,116.601,29.362,73.8799,406.346,562.758
14407944185,658620000000,177.034,7.144,113.226,468.192,570.732
14407944765,658620000000,177.034,12.627,115.646,495.23,536.34
14407946365,658620000000,177.034,29.58,139.209,468.518,624.717
14407946765,658620000000,177.034,20.367,71.9926,475.099,519.4
14407947785,658620000000,177.034,32.853,104.509,472.055,503.306
14407947955,658620000000,177.034,16.637,10.5692,473.631,553.146
14407967275,658620000000,177.034,8.817,110.726,481.713,687.025
14407968695,658620000000,177.034,15.633,117.409,474.058,675.424
14407976065,658620000000,177.034,10.566,37.1694,478.019,639.413
14407978385,658620000000,177.034,37.743,145.572,477.201,681.852
14407982105,658620000000,177.034,18.416,65.4259,492.138,677.926
14407983035,658620000000,177.034,31.263,153.234,469.165,657.896
14419756066,2422800000000,273.285,252.503,199.472,448.384,1111.06
14419757876,2422800000000,273.285,34.995,237.405,363.161,1067.79
14419758056,2422800000000,273.285,17.178,185.774,432.85,1161.95
14419759886,2422800000000,273.285,224.665,199.517,394.026,1071.2
14419788976,2422800000000,273.285,9.011,188.146,314.507,1244.57
14420521606,2422800000000,273.285,44.876,246.564,473.34,1192.31
14420535446,2422800000000,273.285,34.248,217.265,483.403,1157.28
14420536446,2422800000000,273.285,178.476,192.407,498.554,1195.85
14406515306,2399200000000,272.398,118.157,33.8344,302.532,1010.77
14406560036,2399200000000,272.398,29.433,76.2542,284.699,1213.39
14406563756,2399200000000,272.398,94.294,21.3067,283.872,1227.08
14407342366,2399200000000,272.398,29.899,79.4717,434.241,1145.66
14406376369,1058500000000,207.368,23.493,28.9753,267.743,604.472
14406378399,1058500000000,207.368,50.534,37.5081,250.975,607.787
14406378679,1058500000000,207.368,21.206,82.7312,253.798,510.998
14406401039,1058500000000,207.368,8.008,123.926,286.664,681.845
14406403809,1058500000000,207.368,25.691,55.1969,280.005,627.811
14406412649,1058500000000,207.368,26.847,147.266,303.538,714.308
14406413599,1058500000000,207.368,17.716,28.1488,309.174,666.849
14406417329,1058500000000,207.368,16.379,133.9,262.799,700.769
14406425319,1058500000000,207.368,15.106,80.4385,257.012,674.125
14406426859,1058500000000,207.368,19.67,55.4859,305.748,623.447
14406427889,1058500000000,207.368,21.798,61.2433,294.255,652.033
14406429179,1058500000000,207.368,49.007,145.503,291.892,704.18
14407991505,658620000000,177.034,37.397,112.601,497.727,709.006
14407992905,658620000000,177.034,22.519,104.071,481.811,674.654
14407995465,658620000000,177.034,17.454,121.893,489.331,694.338
14407996385,658620000000,177.034,8.197,49.1593,495.32,703.803
14407996445,658620000000,177.034,18.647,21.448,476.893,633.497
14407997595,658620000000,177.034,35.917,60.8338,486.481,727.369
14407997635,658620000000,177.034,21.109,17.5853,489.236,713.063
14418763475,658620000000,177.034,8.048,239.857,253.1,573.446
14418765985,658620000000,177.034,14.127,246.059,277.574,519.208
14418769555,658620000000,177.034,6.399,174.402,306.327,543.67
14418771705,658620000000,177.034,11.925,168.518,280.875,574.697
14418772395,658620000000,177.034,40.496,190.021,269.182,550.581
14419501098,352830000000,143.781,5.427,234.719,324.667,344.715
14419501508,352830000000,143.781,13.281,231.502,356.531,317.006
14419502068,352830000000,143.781,57.438,238.177,379.135,310.69
14419502748,352830000000,143.781,7.738,241.177,403.276,367.489
14419503888,352830000000,143.781,11.477,227.248,339.667,282.592
14419504028,352830000000,143.781,6.146,229.676,389.719,343.278
14419504448,352830000000,143.781,9.341,232.681,315.438,389.987
14419504788,352830000000,143.781,15.938,204.387,406.107,359.905
14419506608,352830000000,143.781,23.255,206.167,335.277,418.938
14419516838,352830000000,143.781,11.315,196.315,422.472,343.016
14419520038,352830000000,143.781,7.891,242.539,361.058,329.161
14419521158,352830000000,143.781,27.853,185.659,418.071,345.094
14407175464,188180000000,116.601,35.305,36.9848,454.899,527.171
14407175644,188180000000,116.601,32.428,30.5467,370.186,593.314
14407175894,188180000000,116.601,16.497,106.723,455.912,747.322
14407176514,188180000000,116.601,16.068,129.649,403.748,731.833
14407178654,188180000000,116.601,29.806,147.058,352.552,647.141
14407181234,188180000000,116.601,36.114,89.1758,359.881,725.816
14407206234,188180000000,116.601,30.971,14.6672,376.857,638.055
14407207144,188180000000,116.601,21.4,41.1796,386.232,715.478
14407210824,188180000000,116.601,46.493,90.2125,331.386,632.23
14407211474,188180000000,116.601,11.872,27.3151,454.273,667.469
14407213514,188180000000,116.601,26.033,116.583,376.889,745.58
14407214074,188180000000,116.601,17.923,134.661,416.299,698.414
14407162132,752700000000,185.092,51.59,8.18684,403.773,537.478
14407162852,752700000000,185.092,15.875,84.4432,418.184,530.418
14407176042,752700000000,185.092,15.981,145.376,463.966,653.69
14407176272,752700000000,185.092,7.149,34.7891,392.729,620.441
14407176812,752700000000,185.092,13.239,163.728,430.793,617.865
14407177902,752700000000,185.092,16.725,28.6464,365.898,629.997
14407180172,752700000000,185.092,22.907,6.59858,403.849,669.955
14407182462,752700000000,185.092,40.642,13.138,398.342,739.066
14407184612,752700000000,185.092,21.685,163.373,391.336,707.928
14407184672,752700000000,185.092,25.982,113.367,352.382,648.748
14407185252,752700000000,185.092,23.934,6.67352,374.765,662.15
14407189052,752700000000,185.092,12.336,4.43283,361.694,723.674
14407195827,1199600000000,216.202,13.203,151.802,435.159,661.432
14407196687,1199600000000,216.202,62.61,143.335,333.604,687.715
14407196797,1199600000000,216.202,17.84,161.787,343.608,640.894
14407198427,1199600000000,216.202,24.243,155.257,451.934,744.12
14407199597,1199600000000,216.202,39.356,109.216,444.492,734.522
14407200017,1199600000000,216.202,29.947,89.3851,425.026,661.228
14407200267,1199600000000,216.202,17.328,99.7377,428.77,730.478
14407200677,1199600000000,216.202,19.333,0.29892,324.295,632.405
14407200737,1199600000000,216.202,16.412,140.344,446.689,637.781
14407201017,1199600000000,216.202,23.812,13.0311,442.541,671.176
14407202147,1199600000000,216.202,26.181,0.13238,346.759,683.296
14407202597,1199600000000,216.202,8.394,136.523,381.578,714.105
14407214924,188180000000,116.601,27.423,154.956,462.679,610.888
14407214974,188180000000,116.601,16.696,88.51,392.918,606.721
14407215664,188180000000,116.601,10.959,139.273,439.36,603.028
14407216484,188180000000,116.601,14.446,98.955,462.88,662.427
14407217274,188180000000,116.601,22.074,95.9277,347.449,706.892
14407219294,188180000000,116.601,37.984,91.2237,327.834,608.476
14407221354,188180000000,116.601,13.872,140.117,385.627,632.85
14407221574,188180000000,116.601,6.916,61.9379,360.788,734.027
14407221674,188180000000,116.601,31.552,24.391,365.304,697.537
14407221734,188180000000,116.601,23.648,45.1775,462.595,639.121
14407221764,188180000000,116.601,37.798,27.5191,462.474,668.598
14407222704,188180000000,116.601,23.57,62.5458,398.754,692.087
14406443690,446920000000,155.569,19.303,72.9275,310.564,612.274
14406444210,446920000000,155.569,38.264,133.444,303.552,646.073
14406444670,446920000000,155.569,22.743,69.8041,257.058,730.099
14406444710,446920000000,155.569,24.165,2.57282,278.001,726.698
14406444810,446920000000,155.569,7.983,68.4509,270.667,683.188
14406445310,446920000000,155.569,9.652,95.9407,308.527,696.838
14406446600,446920000000,155.569,18.766,89.777,306.307,712.025
14406446760,446920000000,155.569,16.043,93.1412,309.938,656.148
14406447250,446920000000,155.569,33.753,7.66504,307.413,726.317
14406447320,446920000000,155.569,18.381,72.3417,298.944,638.589
14407127440,446920000000,155.569,37.638,93.1895,348.514,546.972
14407127600,446920000000,155.569,15.46,116.864,410.466,565.039
14407202737,1199600000000,216.202,11.429,41.84,450.131,623.011
14407909707,1199600000000,216.202,29.177,30.8073,479.267,510.384
14407922547,1199600000000,216.202,38.694,8.20913,496.188,550.097
14407933987,1199600000000,216.202,41.321,109.426,470.422,583.438
14407934117,1199600000000,216.202,34.573,82.5158,478.153,501.462
14407935157,1199600000000,216.202,20.098,118.223,493.266,587.601
14407977957,1199600000000,216.202,14.546,97.7829,491.173,658.08
14407983507,1199600000000,216.202,47.456,133.295,475.257,633.176
14407983807,1199600000000,216.202,36.65,149.75,483.003,661.885
14418763427,1199600000000,216.202,35.064,239.468,255.296,569.534
14418788527,1199600000000,216.202,37.824,235.396,302.326,507.382
14418788657,1199600000000,216.202,35.33,193.781,308.146,594.951
14406431463,682140000000,179.117,9.599,62.2803,308.733,725.948
14406431533,682140000000,179.117,4.117,14.0408,304.323,624.234
14406433043,682140000000,179.117,20.408,99.7145,298.973,610.422
14406433233,682140000000,179.117,24.055,34.3643,259.851,748.654
14406433443,682140000000,179.117,49.751,142.298,304.039,715.034
14406433453,682140000000,179.117,42.894,165.516,269.357,743.407
14406433813,682140000000,179.117,9.955,15.1545,256.381,632.212
14406434803,682140000000,179.117,16.237,37.6522,285.646,629.965
14406435003,682140000000,179.117,28.516,105.576,274.653,724.951
14406436463,682140000000,179.117,30.31,64.1715,285.435,663.268
14407128543,682140000000,179.117,13.61,59.0881,433.224,504.989
14407129583,682140000000,179.117,5.073,12.2752,395.068,587.124
14407342516,2399200000000,272.398,26.681,149.581,428.681,1237.06
14407342646,2399200000000,272.398,33.761,146.137,317.338,1164.62
14407385726,2399200000000,272.398,23.552,28.9232,425.432,1245.22
14408073506,2399200000000,272.398,59.637,84.3398,493.597,1053.65
14418930276,2399200000000,272.398,9.056,173.974,254.798,1039.76
14418977336,2399200000000,272.398,23.565,221.274,265.407,1104.67
14419693426,2399200000000,272.398,50.252,234.107,372.165,1039.39
14419701666,2399200000000,272.398,29.557,202.17,412.784,1001.72
14419758536,2399200000000,272.398,199.629,236.595,362.316,1118.62
14419758706,2399200000000,272.398,27.01,237.582,423.147,1174.46
14419796166,2399200000000,272.398,86.384,184.554,423.062,1234.39
14419807216,2399200000000,272.398,27.689,175.571,437.996,1227.45
14407223344,188180000000,116.601,21.644,106.785,418.725,738.568
14407224404,188180000000,116.601,32.456,13.2324,393.91,635.046
14407224604,188180000000,116.601,14.484,22.1182,316.625,631.187
14407909844,188180000000,116.601,11.567,14.3481,484.879,586.932
14407910994,188180000000,116.601,41.093,16.703,490.018,509.792
14407913014,188180000000,116.601,33.326,148.585,485.76,554.645
14407913854,188180000000,116.601,44.296,134.012,472.297,543.526
14407914364,188180000000,116.601,41.455,102.05,487.464,517.399
14407947454,188180000000,116.601,18.679,41.0572,489.791,507.028
14407953014,188180000000,116.601,27.858,12.0579,497.357,516.133
14407955104,188180000000,116.601,8.558,36.8821,492.394,504.06
14407956214,188180000000,116.601,40.703,30.065,473.734,518.149
14407127719,1058500000000,207.368,19.596,125.093,316.809,546.555
14407130039,1058500000000,207.368,12.293,91.3205,362.578,583.299
14407130099,1058500000000,207.368,5.579,20.5223,361.931,534.067
14407132659,1058500000000,207.368,18.541,165.369,320.02,553.12
14407132969,1058500000000,207.368,16.307,83.3408,400.59,582.069
14407134679,1058500000000,207.368,10.652,84.6007,328.171,500.706
14407141369,1058500000000,207.368,15.572,96.1045,457.019,593.469
14407142249,1058500000000,207.368,24.643,74.9118,449.226,582.634
14407142619,1058500000000,207.368,23.721,124.549,415.642,588.603
14407145299,1058500000000,207.368,22.076,107.737,316.954,538.436
14407146879,1058500000000,207.368,25.864,81.9839,318.434,564.108
14407148149,1058500000000,207.368,33.248,82.1651,441.631,519.813
14407131883,682140000000,179.117,19.833,59.8569,414.497,582.599
14407131903,682140000000,179.117,21.338,44.4997,407.914,515.376
14407133783,682140000000,179.117,14.865,110.381,329.947,563.305
14407134633,682140000000,179.117,20.06,87.0855,465.966,515.804
14407135533,682140000000,179.117,36.828,62.4424,412.001,589.962
14407136923,682140000000,179.117,11.045,137.429,368.811,564.307
14407137413,682140000000,179.117,43.543,75.2164,416.126,575.859
14407138763,682140000000,179.117,11.065,73.7722,405.79,600.718
14407140353,682140000000,179.117,20.761,53.2686,437.672,559.728
14407140613,682140000000,179.117,37.973,55.8918,346.514,556.663
14407145053,682140000000,179.117,27.013,33.9794,364.693,543.499
14407146193,682140000000,179.117,16.034,116.291,418.846,576.998
14407127870,446920000000,155.569,24.617,70.5759,433.076,516.082
14407128310,446920000000,155.569,15.699,133.394,360.359,514.755
14407128740,446920000000,155.569,10.606,64.1261,442.22,586.454
14407129130,446920000000,155.569,17.403,67.4871,317.491,501.518
14407129470,446920000000,155.569,6.734,72.8784,432.861,567.471
14407129690,446920000000,155.569,31.016,21.8319,356.883,591.971
14407130240,446920000000,155.569,7.151,123.831,322.57,519.421
14407131510,446920000000,155.569,30.735,100.436,345.148,543.7
14407132130,446920000000,155.569,5.55,50.0609,376.068,550.033
14407132430,446920000000,155.569,11.484,33.348,464.081,549.57
14407132800,446920000000,155.569,31.27,46.8095,433.767,533.131
14407134290,446920000000,155.569,18.995,97.8076,369.552,516.772
14407147153,682140000000,179.117,22.027,73.221,384.958,530.734
14407147733,682140000000,179.117,9.014,79.6767,314.119,585.053
14407148993,682140000000,179.117,16.341,47.5221,413.525,584.582
14407153333,682140000000,179.117,21.7,138.865,358.757,514.995
14407155143,682140000000,179.117,11.268,79.4889,460.342,506.14
14407155913,682140000000,179.117,20.791,118.915,345.602,549.052
14407156623,682140000000,179.117,11.23,56.4554,442.505,588.992
14407156823,682140000000,179.117,22.167,153.903,329.913,566.467
14407157473,682140000000,179.117,7.443,12.0126,346.607,591.178
14407157983,682140000000,179.117,10.367,70.2952,418.292,502.543
14407158323,682140000000,179.117,10.416,15.3146,345.341,597.504
14407159133,682140000000,179.117,12.371,61.0283,444.607,559.373
14418942011,705660000000,181.153,16.416,172.67,251.274,970.327
14418945011,705660000000,181.153,9.199,197.835,293.384,993.815
14418945501,705660000000,181.153,14.308,186.428,273.7,970.698
14419648641,705660000000,181.153,6.877,180.352,408.486,857.18
14419650901,705660000000,181.153,23.609,177.693,312.575,877.636
14419652941,705660000000,181.153,17.586,243.269,329.594,854.569
14419654691,705660000000,181.153,14.744,187.385,414.319,750.422
14419658701,705660000000,181.153,20.515,226.957,324.93,829.792
14419660611,705660000000,181.153,14.194,231.741,432.791,793.152
14419661131,705660000000,181.153,16.655,168.742,319.04,769.535
14419662631,705660000000,181.153,27.044,225.722,372.084,889.29
14419663161,705660000000,181.153,15.876,227.539,435.258,852.533
14419522048,352830000000,143.781,9.427,172.416,402.179,296.628
14419525558,352830000000,143.781,32.984,232.351,442.123,421.457
14419525628,352830000000,143.781,10.142,202.884,416.119,321.216
14419525678,352830000000,143.781,38.261,246.072,384.191,337.856
14419526958,352830000000,143.781,18.853,225.41,342.525,311.486
14419529038,352830000000,143.781,57.973,186.03,434.955,382.469
14419529508,352830000000,143.781,45.225,245.297,397.466,406.827
14419530948,352830000000,143.781,12.774,192.081,403.199,418.763
14419531148,352830000000,143.781,10.983,246.391,319.014,308.926
14419531638,352830000000,143.781,29.982,193.67,365.726,363.18
14419532198,352830000000,143.781,27.47,212.349,387.892,305.129
14419532658,352830000000,143.781,16.332,215.577,408.473,318.642
14419719861,705660000000,181.153,27.653,181.893,338.194,912.719
14419721341,705660000000,181.153,11.265,202.376,343.986,946.005
14419721671,705660000000,181.153,13.4,207.95,314.421,966.261
14419722311,705660000000,181.153,17.125,245.201,389.834,959.028
14419722961,705660000000,181.153,12.866,231.754,431.84,993.855
14419723491,705660000000,181.153,16.797,192.462,424.32,936.855
14419723521,705660000000,181.153,20.883,212.025,324.669,958.636
14419723941,705660000000,181.153,13.996,211.496,333.416,980.645
14419724891,705660000000,181.153,28.02,206.944,344.714,973.047
14419725311,705660000000,181.153,20.194,216.613,424.79,918.442
14419725361,705660000000,181.153,18.52,210.049,370.986,962.068
14419725411,705660000000,181.153,12.747,202.782,346.82,940.907
14419725761,705660000000,181.153,19.274,212.525,316.839,999.978
14419726781,705660000000,181.153,18.216,205.525,339.703,994.395
14419726851,705660000000,181.153,53.765,228.55,339.388,944.281
14419728431,705660000000,181.153,9.966,225.654,423.719,961.66
14420387151,705660000000,181.153,17.994,180.018,497.534,824.723
14420399711,705660000000,181.153,26.051,244.77,486.376,805.541
14420405821,705660000000,181.153,15.414,223.533,473.144,828.598
14420450521,705660000000,181.153,35.285,246.971,493.844,918.398
14420450881,705660000000,181.153,9.991,242.279,468.209,866.802
14420452521,705660000000,181.153,20.771,246.982,496.053,918.897
14420454471,705660000000,181.153,11.95,242.277,473.725,963.85
14420457601,705660000000,181.153,31.291,222.109,487.863,848.257
14406420101,682140000000,179.117,46.972,75.5633,305.053,761.207
14406429361,682140000000,179.117,29.103,67.7834,268.421,758.697
14406433201,682140000000,179.117,8.078,64.8651,286.734,759.158
14406448841,682140000000,179.117,14.047,107.403,260.736,880.621
14406450981,682140000000,179.117,43.695,42.0537,289.865,776.224
14406454261,682140000000,179.117,20.934,22.6324,289.631,874.441
14406473911,682140000000,179.117,30.637,35.0034,270.706,894.849
14406474531,682140000000,179.117,70.961,137.147,291.882,813.882
14406475921,682140000000,179.117,18.125,145.175,289.857,849.586
14406476061,682140000000,179.117,50.494,19.7362,279.102,864.459
14406478541,682140000000,179.117,11.695,6.57588,299.569,859.877
14406479461,682140000000,179.117,19.293,80.3764,264.703,873.565
14406480761,682140000000,179.117,16.452,123.476,275.103,808.155
14406480771,682140000000,179.117,16.728,94.9854,275.579,795.463
14406481061,682140000000,179.117,15.4,144.856,294.406,888.674
14406481961,682140000000,179.117,14.554,109.7,271.454,840.513
14406482181,682140000000,179.117,12.747,9.79068,263.48,897.525
14406482891,682140000000,179.117,22.311,141.374,301.909,820.165
14406482911,682140000000,179.117,20.808,112.784,299.851,811.937
14406483051,682140000000,179.117,20.317,46.7333,295.546,851.268
14406483321,682140000000,179.117,25.998,88.2739,311.239,834.752
14406483631,682140000000,179.117,26.631,36.9305,256.482,791.028
14406484581,682140000000,179.117,13.225,40.2612,265.342,864.163
14406484601,682140000000,179.117,17.758,53.5434,292.311,808.82
14406499871,682140000000,179.117,16.855,7.31953,263.462,991.369
14406507601,682140000000,179.117,5.355,89.1227,298.838,931.641
14406511321,682140000000,179.117,10.563,146.4,286.893,960.41
14406512571,682140000000,179.117,24.887,30.5499,276.882,993.596
14406515701,682140000000,179.117,14.784,138.855,289.364,973.858
14406521221,682140000000,179.117,17.046,74.6254,284.454,913.523
14406525071,682140000000,179.117,21.069,43.373,257.028,974.716
14406525601,682140000000,179.117,19.098,57.779,303.15,950.254
14406527341,682140000000,179.117,44.318,138.658,298.963,967.097
14406529041,682140000000,179.117,11.126,38.348,271.88,970.079
14406529621,682140000000,179.117,31.813,144.769,303.775,926.216
14406529891,682140000000,179.117,28.833,12.8251,269.812,917.029
14406530071,682140000000,179.117,9.256,133.372,280.248,977.55
14406530101,682140000000,179.117,24.49,113.992,308.801,920.446
14406532031,682140000000,179.117,12.565,142.587,308.413,924.591
14407178551,682140000000,179.117,24.229,166.89,416.811,752.56
14407185221,682140000000,179.117,10.215,47.0264,461.45,753.231
14407201521,682140000000,179.117,20.663,36.738,349.158,761.145
14407204951,682140000000,179.117,20.738,34.8661,317.323,758.953
14407209941,682140000000,179.117,9.69,52.6787,325.007,750.783
14407210371,682140000000,179.117,8.31,47.6054,404.638,751.388
14407211661,682140000000,179.117,19.24,128.094,358.38,754.249
14407212161,682140000000,179.117,11.414,164.267,448.325,755.026
14407224791,682140000000,179.117,28.415,158.379,340.96,812.252
14407224821,682140000000,179.117,9.583,87.1338,423.457,877.966
14407225871,682140000000,179.117,10.343,35.8437,456.63,813.584
14407226351,682140000000,179.117,16.693,58.7682,456.775,857.792
14407227791,682140000000,179.117,15.923,148.675,393.891,834.07
14407231571,682140000000,179.117,4.764,23.3585,414.024,890.945
14407232361,682140000000,179.117,10.614,31.8606,357.161,866.744
14407233051,682140000000,179.117,16.326,110.571,368.067,861.547
14407233921,682140000000,179.117,18.698,75.9318,404.048,791.101
14407234931,682140000000,179.117,14.009,115.332,390.913,794.949
14407236791,682140000000,179.117,6.136,36.4094,364.714,793.414
14407237531,682140000000,179.117,14.663,36.6889,381.169,897.328
14407239671,682140000000,179.117,7.593,19.8873,369.78,829.808
14418791415,658620000000,177.034,22.235,234.148,298.996,569.568
14418791435,658620000000,177.034,42.94,191.013,253.385,560.839
14418791485,658620000000,177.034,14.074,171.591,285.411,559.354
14418791995,658620000000,177.034,9.964,199.063,266.658,500.654
14418792265,658620000000,177.034,22.705,225.786,284.306,515.237
14418792275,658620000000,177.034,27.228,198.959,288.964,525.641
14418793805,658620000000,177.034,11.466,234.402,293.084,533.199
14418794465,658620000000,177.034,60.139,241.418,292.572,500.776
14418795235,658620000000,177.034,11.359,180.878,285.756,519.525
14418795595,658620000000,177.034,20.575,248.096,260.694,558.209
14418795905,658620000000,177.034,6.698,239.471,309.487,637.16
14418796005,658620000000,177.034,24.135,236.354,272.768,545.365
14407342416,2375700000000,271.505,28.059,81.6908,436.346,1171.78
14407342596,2375700000000,271.505,28.69,55.7677,431.104,1165.73
14407392716,2375700000000,271.505,46.753,138.072,346.258,1249.05
14408065026,2375700000000,271.505,11.709,163.269,486.739,1028.54
14408075166,2375700000000,271.505,37.726,131.359,475.896,1050.43
14408075486,2375700000000,271.505,19.032,113.011,496.105,1089.14
14418915896,2375700000000,271.505,47.596,227.692,305.151,1024.58
14418978116,2375700000000,271.505,21.578,237.964,275.527,1111.33
14419755956,2375700000000,271.505,31.081,230.488,393.268,1208.78
14419756266,2375700000000,271.505,23.306,242.291,392.737,1183.86
14419758406,2375700000000,271.505,35.546,184.181,432.703,1161.25
14419795566,2375700000000,271.505,23.259,242.691,451.966,1248.78
14407978844,188180000000,116.601,25.645,127.957,480.285,722.1
14407994384,188180000000,116.601,38.372,110.609,490.311,651.349
14418764494,188180000000,116.601,15.934,210.912,261.82,575.911
14418769554,188180000000,116.601,15.774,174.526,306.234,543.569
14418789564,188180000000,116.601,41.712,170.149,287.99,567.146
14418808534,188180000000,116.601,40.482,204.997,283.867,625.796
14418837384,188180000000,116.601,30.689,215.679,254.388,734.581
14418844454,188180000000,116.601,11.178,236.677,277.351,727.873
14418846074,188180000000,116.601,32.183,249.12,295.566,735.08
14418854064,188180000000,116.601,33.643,239.056,263.954,714.11
14418860614,188180000000,116.601,13.036,238.057,299.885,683.628
14419550274,188180000000,116.601,34.579,173.459,378.222,520.051
14418796015,658620000000,177.034,18.661,247.403,260.239,500.145
14418797635,658620000000,177.034,18.996,213.257,256.262,610.833
14418798685,658620000000,177.034,24.606,204.12,260.471,584.503
14418798785,658620000000,177.034,45.607,225.512,271.091,502.944
14418801145,658620000000,177.034,21.059,226.875,281.207,516.457
14418812875,658620000000,177.034,27.94,238.602,303.673,722.725
14418816235,658620000000,177.034,16.605,249.52,261.249,663.888
14418820585,658620000000,177.034,15.034,185.419,305.451,684.745
14418823385,658620000000,177.034,39.472,242.32,308.974,682.566
14418826065,658620000000,177.034,10.634,219.176,275.146,655.704
14418840715,658620000000,177.034,36.522,247.723,273.661,716.902
14418843815,658620000000,177.034,55.79,192.863,294.587,661.381
14406504286,2352200000000,270.606,34.426,6.52278,281.794,1002.46
14406512216,2352200000000,270.606,21.991,41.3789,307.721,1052.79
14406515076,2352200000000,270.606,24.503,9.34719,305.222,1028.84
14406550966,2352200000000,270.606,26.903,106.312,266.735,1073.63
14406562556,2352200000000,270.606,45.012,16.5587,272.764,1106.5
14406562966,2352200000000,270.606,20.058,46.8039,306.022,1146.49
14407276316,2352200000000,270.606,29.15,33.0602,447.44,1059.03
14407281646,2352200000000,270.606,17.238,36.5144,465.177,1028.95
14407292876,2352200000000,270.606,34.05,87.0724,428.594,1062.84
14407292906,2352200000000,270.606,33.389,75.7968,312.941,1003.81
14407294236,2352200000000,270.606,27.647,42.8095,451.032,1071.76
14407325926,2352200000000,270.606,17.056,65.0594,389.408,1229.9
14418844555,658620000000,177.034,23.606,229.906,258.884,699.283
14418846215,658620000000,177.034,36.516,227.95,274.239,659.061
14418847095,658620000000,177.034,47.026,233.877,264.918,707.526
14418847445,658620000000,177.034,10.964,224.105,275.111,720.878
14419544835,658620000000,177.034,12.905,222.983,383.981,552.934
14419545795,658620000000,177.034,12.969,224.334,386.779,580.712
14419546385,658620000000,177.034,10.527,244.006,362.242,508.136
14419546635,658620000000,177.034,15.365,233.408,463.317,522.36
14419552055,658620000000,177.034,17.169,213.243,433.232,541.31
14419553695,658620000000,177.034,17.369,214.043,392.598,562.335
14419565555,658620000000,177.034,9.159,245.481,433.079,521.214
14419567505,658620000000,177.034,15.501,243.323,414.256,503.808
14407135630,446920000000,155.569,10.465,68.7845,314.602,510.569
14407135710,446920000000,155.569,7.665,50.0303,314.175,516.038
14407135950,446920000000,155.569,13.98,132.938,329.556,575.222
14407136970,446920000000,155.569,8.556,136.129,412.933,584.736
14407137720,446920000000,155.569,22.297,6.26377,348.796,590.354
14407138800,446920000000,155.569,12.038,105.246,430.303,557.123
14407138870,446920000000,155.569,22.977,63.8275,326.113,568.279
14407139790,446920000000,155.569,11.772,118.344,337.613,564.962
14407142080,446920000000,155.569,11.53,104.312,355.753,514.91
14407142370,446920000000,155.569,19.221,60.7034,338.328,518.332
14407143820,446920000000,155.569,20.631,96.5677,348.014,579.33
14407144060,446920000000,155.569,8.394,83.8141,439.368,512.354
14419571675,658620000000,177.034,14.393,216.068,448.471,517.02
14419573755,658620000000,177.034,31.288,184.876,399.671,536.278
14419576675,658620000000,177.034,27.114,238.91,369.909,519.334
14419577895,658620000000,177.034,28.909,196.011,375.261,553.722
14419578325,658620000000,177.034,15.061,192.075,360.757,576.662
14419578765,658620000000,177.034,8.412,227.481,369.881,522.855
14419579175,658620000000,177.034,30.615,203.346,437.627,572.805
14419580905,658620000000,177.034,34.621,170.683,348.278,528.501
14419581525,658620000000,177.034,17.471,185.344,435.034,502.546
14419582665,658620000000,177.034,8.061,189.683,395.928,562.048
14419593275,658620000000,177.034,21.697,189.995,315.278,692.191
14419594425,658620000000,177.034,38.43,238.043,331.731,672.28
14407327456,2352200000000,270.606,10.615,124.706,377.351,1194.07
14407330206,2352200000000,270.606,66.339,107.868,450.327,1127.2
14407334906,2352200000000,270.606,67.436,133.864,416.616,1148
14407338096,2352200000000,270.606,17.834,160.425,412.617,1134.65
14407338576,2352200000000,270.606,64.343,23.8228,361.916,1236.63
14407342346,2352200000000,270.606,55.285,153.486,461.847,1103.87
14407342746,2352200000000,270.606,22.873,77.6955,325.838,1093.11
14408058436,2352200000000,270.606,23.888,106.633,490.772,1054.29
14418922236,2352200000000,270.606,21.599,174.463,304.047,1040.8
14418928386,2352200000000,270.606,19.979,174.99,311.433,1072.89
14418962526,2352200000000,270.606,23.176,245.81,255.785,1107.93
14418977806,2352200000000,270.606,48.425,244.428,298.818,1151.09
14418816817,1199600000000,216.202,16.875,236.626,255.33,679.346
14418821067,1199600000000,216.202,32.102,192.312,310.058,713.419
14418822677,1199600000000,216.202,15.3,220.697,309.39,729.32
14418825167,1199600000000,216.202,17.403,208.255,257.724,729.135
14418833247,1199600000000,216.202,14.766,215.309,250.704,678.319
14418838107,1199600000000,216.202,19.692,227.337,254.122,701.463
14418840037,1199600000000,216.202,24.713,240.781,255.506,702.059
14419550647,1199600000000,216.202,9.627,216.207,382.906,560.065
14419553057,1199600000000,216.202,10.602,179.699,317.462,530.127
14419556237,1199600000000,216.202,17.441,231.665,444.94,554.87
14419556577,1199600000000,216.202,26.904,232.358,403.646,558.06
14419557437,1199600000000,216.202,35.176,213.025,403.027,526.859
14407145930,446920000000,155.569,19.522,48.2985,410.435,601.349
14407147960,446920000000,155.569,13.485,147.63,379.912,520.243
14407148160,446920000000,155.569,25.065,40.1466,335.625,572.729
14407148830,446920000000,155.569,49.865,89.8051,406.141,566.435
14407149130,446920000000,155.569,15.472,83.8507,403.86,507.899
14407150310,446920000000,155.569,51.882,13.565,456.758,569.682
14407150800,446920000000,155.569,9.821,77.6305,402.576,582.737
14407151290,446920000000,155.569,17.465,47.0438,315.133,551.157
14407152570,446920000000,155.569,21.126,55.9223,444.478,546.054
14407152940,446920000000,155.569,13.403,90.3501,419.052,557.591
14407153370,446920000000,155.569,45.185,36.4529,466.447,560.028
14407154010,446920000000,155.569,10.085,120.705,329.463,545.425
14407159223,682140000000,179.117,19.963,37.1479,382.113,559.239
14407159453,682140000000,179.117,8.921,20.0794,395.47,577.708
14407160003,682140000000,179.117,22.525,121.395,459.001,514.143
14407160123,682140000000,179.117,17.77,62.7804,430.54,538.09
14407160363,682140000000,179.117,25.368,147.368,414.599,505.751
14407160413,682140000000,179.117,12.767,161.209,328.087,554.52
14407160573,682140000000,179.117,11.053,10.3134,462.742,525.015
14407160823,682140000000,179.117,21.217,95.6701,355.44,549.503
14407161393,682140000000,179.117,23.846,82.1635,317.927,590.888
14407161653,682140000000,179.117,21.288,114.087,336.93,521.976
14407162303,682140000000,179.117,35.32,18.6455,324.331,512.128
14407162343,682140000000,179.117,5.24,84.0459,421.521,597.992
14407154310,446920000000,155.569,34.004,116.719,456.766,540.248
14407154900,446920000000,155.569,45.962,143.09,367.716,516.451
14407155720,446920000000,155.569,9.552,97.1337,352.328,504.092
14407156380,446920000000,155.569,15.247,47.2149,447.54,593.258
14407156510,446920000000,155.569,32.067,113.321,403.931,591.513
14407156640,446920000000,155.569,20.918,25.944,433.378,535.136
14407156710,446920000000,155.569,53.853,45.2468,370.507,517.069
14407156800,446920000000,155.569,14.099,149.172,371.888,591.584
14407157960,446920000000,155.569,21.212,12.8232,399.56,594.574
14407158140,446920000000,155.569,13.953,106.204,387.74,562.327
14407158460,446920000000,155.569,44.576,99.991,337.735,590.793
14407158800,446920000000,155.569,39.462,72.3721,434.924,574.437
14419594435,658620000000,177.034,8.896,237.835,331.609,671.855
14419595325,658620000000,177.034,28.657,177.847,345.024,592.849
14419597015,658620000000,177.034,6.873,225.02,322.867,663.123
14419598435,658620000000,177.034,37.32,231.633,457.021,724.239
14419599275,658620000000,177.034,41.596,190.63,354.938,586.598
14419602985,658620000000,177.034,25.693,174.93,340.181,669.506
14419606115,658620000000,177.034,14.625,189.271,430.357,624.903
14419607065,658620000000,177.034,7.745,246.182,342.846,624.776
14419611255,658620000000,177.034,8.267,203.34,451.211,715.997
14419612515,658620000000,177.034,14.948,238.888,322.363,586.787
14419614155,658620000000,177.034,20.891,246.113,367.804,732.278
14419615845,658620000000,177.034,16.351,188.027,422.784,712.272
14418978066,2352200000000,270.606,22.736,202.475,275.355,1146.91
14418978196,2352200000000,270.606,44.719,197.712,283.754,1124.22
14418978386,2352200000000,270.606,25.485,196.529,292.118,1159.62
14419711556,2352200000000,270.606,42.129,168.274,348.13,1044.27
14419758216,2352200000000,270.606,19.284,213.629,444.697,1092.56
14419759306,2352200000000,270.606,23.514,200.491,416.628,1106.95
14419759646,2352200000000,270.606,38.375,211.596,342.125,1170.2
14420474266,2352200000000,270.606,102.996,184.304,494.459,1103.27
14406545856,2328700000000,269.701,11.788,150.27,293.545,1108.55
14407280486,2328700000000,269.701,24.897,83.961,351.098,1068.47
14407288166,2328700000000,269.701,26.285,82.8729,364.021,1073.75
14407290786,2328700000000,269.701,20.819,38.4329,370.835,1077.95
14419565977,1199600000000,216.202,19.941,187.48,403.466,549.212
14419566377,1199600000000,216.202,21.974,173.962,342.549,551.914
14419596027,1199600000000,216.202,12.677,207.904,322.839,641.161
14419601307,1199600000000,216.202,21.624,173.304,364.731,654.398
14419604007,1199600000000,216.202,20.518,203.691,328.168,672.945
14419604187,1199600000000,216.202,23.581,239.04,334.802,618.852
14419608657,1199600000000,216.202,23.402,234.347,432.034,621.797
14419614517,1199600000000,216.202,12.184,204.105,353.854,649.289
14419614877,1199600000000,216.202,32.329,218.548,334.296,598.062
14419617617,1199600000000,216.202,19.612,198.374,392.15,624.62
14419618137,1199600000000,216.202,41.943,229.458,442.653,683.427
14419618147,1199600000000,216.202,20.883,174.323,394.304,710.097
14407151559,1058500000000,207.368,20.773,118.493,461.698,513.399
14407153529,1058500000000,207.368,28.458,101.259,313.388,517.344
14407153559,1058500000000,207.368,12.264,81.1532,415.86,525.461
14407153619,1058500000000,207.368,11.811,84.7588,428.44,560.156
14407153659,1058500000000,207.368,32.886,111.948,337.699,568.588
14407154129,1058500000000,207.368,29.365,128.749,391.085,575.906
14407154309,1058500000000,207.368,13.413,87.7775,444.183,569.227
14407155849,1058500000000,207.368,22.831,166.58,400.054,599.314
14407155909,1058500000000,207.368,20.853,106.073,348.137,595.422
14407156349,1058500000000,207.368,20.182,148.55,365.688,501.532
14407156469,1058500000000,207.368,13.69,47.0201,327.524,518.596
14407156939,1058500000000,207.368,26.055,52.9114,315.635,573.397
14407159130,446920000000,155.569,46.866,69.2604,447.758,538.309
14407159680,446920000000,155.569,10.487,153.981,338.28,544.513
14407160040,446920000000,155.569,9.708,140.314,336.033,548.221
14407160070,446920000000,155.569,33.89,107.111,327.647,552.31
14407160410,446920000000,155.569,10.478,144.968,325.465,569.945
14407161100,446920000000,155.569,44.551,107.203,416.802,589.423
14407161410,446920000000,155.569,46.525,8.27045,368.328,596.637
14407161490,446920000000,155.569,45.141,126.601,423.508,589.633
14407161570,446920000000,155.569,45.148,152.976,320.833,560.39
14407161590,446920000000,155.569,9.373,107.41,388.578,562.398
14407162430,446920000000,155.569,13.084,132.458,318.034,552.712
14407162770,446920000000,155.569,8.924,159.281,456.813,547.546
14419619117,1199600000000,216.202,26.196,175.152,364.518,595.426
14419619467,1199600000000,216.202,18.13,206.361,339.819,592.461
14419620267,1199600000000,216.202,47.21,221.898,436.144,676.588
14419620727,1199600000000,216.202,29.226,240.815,422.854,624.598
14419620737,1199600000000,216.202,14.743,170.861,447.667,616.529
14419622037,1199600000000,216.202,13.553,230.499,391.664,722.576
14420327627,1199600000000,216.202,17.743,229.269,481.131,646.355
14420329177,1199600000000,216.202,26.778,178.851,479.74,546.972
14420345407,1199600000000,216.202,36,174.188,474.036,553.992
14420389547,1199600000000,216.202,31.419,217.17,499.99,714.268
14420391167,1199600000000,216.202,28.163,191.65,492.509,669.328
14420394947,1199600000000,216.202,13.916,213.405,494.434,691.219
14407163000,446920000000,155.569,21.642,79.9722,397.013,599.578
14407163130,446920000000,155.569,25.463,49.7542,320.402,563.55
14407163820,446920000000,155.569,11.993,151.524,353.226,545.889
14407164170,446920000000,155.569,21.044,33.3917,383.294,509.954
14407164250,446920000000,155.569,3.629,115.746,460.417,544.162
14407164380,446920000000,155.569,44.181,118.22,388.476,557.032
14407164890,446920000000,155.569,10.145,159.804,339.509,587.967
14407165030,446920000000,155.569,31.252,91.3336,315.885,504.331
14407165100,446920000000,155.569,3.68,37.5811,408.31,590.643
14407165740,446920000000,155.569,11.431,56.6722,429.705,501.332
14407165990,446920000000,155.569,12.818,159.832,415.506,543.796
14407166170,446920000000,155.569,20.582,119.177,313.185,580.472
14406350167,1176100000000,214.78,10.371,40.3093,267.637,503.955
14406352457,1176100000000,214.78,19.816,32.4408,259.233,516.722
14406353727,1176100000000,214.78,19.111,55.6195,288.514,571.414
14406354307,1176100000000,214.78,6.6,91.5111,255.155,505.091
14406358167,1176100000000,214.78,34.254,86.8805,261.598,578.241
14406374707,1176100000000,214.78,13.997,43.8442,279.874,514.994
14406376267,1176100000000,214.78,14.063,96.3448,268.935,585.133
14406377537,1176100000000,214.78,16.934,166.469,285.002,592.212
14406379167,1176100000000,214.78,25.109,57.5931,294.914,570.272
14406399247,1176100000000,214.78,28.868,62.6664,254.995,646.719
14406405287,1176100000000,214.78,10.417,68.3045,250.397,665.344
14406407217,1176100000000,214.78,11.723,77.508,257.405,645.296
14407190372,752700000000,185.092,13.24,147.262,324.981,613.609
14407191962,752700000000,185.092,17.502,24.3721,394.569,625.595
14407192642,752700000000,185.092,18.096,140.031,339.191,687.225
14407194932,752700000000,185.092,26.359,23.1125,418.499,714.407
14407195842,752700000000,185.092,19.906,163.08,340.761,633.779
14407200002,752700000000,185.092,28.217,104.885,360.809,691.085
14407200442,752700000000,185.092,17.586,95.1528,461.804,660.414
14407202102,752700000000,185.092,9.779,55.974,427.49,618.274
14407202322,752700000000,185.092,26.447,13.1474,463.206,642.326
14407202692,752700000000,185.092,50.36,11.756,420.388,712.352
14407202742,752700000000,185.092,16.046,25.2063,446.329,603.88
14407202882,752700000000,185.092,15.247,125.875,344.134,642.865
14407157019,1058500000000,207.368,26.791,124.786,441.933,539.996
14407157969,1058500000000,207.368,26.292,82.7553,446.567,520.546
14407158309,1058500000000,207.368,10.525,52.0048,347.84,563.193
14407158779,1058500000000,207.368,12.354,152.701,338.471,529.53
14407175899,1058500000000,207.368,20.21,107.867,456.166,747.336
14407176999,1058500000000,207.368,17.582,67.0442,386.64,670.485
14407177219,1058500000000,207.368,26.277,103.22,395.58,744.733
14407180039,1058500000000,207.368,27.595,18.2453,394.39,660.029
14407181889,1058500000000,207.368,25.232,10.554,382.181,678.448
14407184399,1058500000000,207.368,14.678,111.069,415.995,693.414
14407185419,1058500000000,207.368,14.034,129.762,421.152,687.387
14407187829,1058500000000,207.368,19.808,157.606,457.052,718.329
14407166560,446920000000,155.569,21.511,26.25,382.785,516.895
14407166650,446920000000,155.569,19.659,88.9611,432.79,577.385
14407166730,446920000000,155.569,30.506,94.1708,443.148,505.562
14407166980,446920000000,155.569,50.111,53.2707,396.842,541.919
14407167080,446920000000,155.569,10.418,11.6263,448.097,531.289
14407167520,446920000000,155.569,7.868,119.585,316.39,559.51
14407168050,446920000000,155.569,6.635,84.1424,438.938,584.037
14407168110,446920000000,155.569,27.387,133.619,440.26,517.968
14407168160,446920000000,155.569,28.649,125.91,424.408,510.143
14407168210,446920000000,155.569,4.693,165.208,347.156,541.424
14407168630,446920000000,155.569,19.01,16.7638,370.522,577.195
14407168650,446920000000,155.569,17.505,1.63664,347.608,589.073
14406415517,1176100000000,214.78,15.273,106.874,282.202,643.117
14406420707,1176100000000,214.78,17.214,31.7951,287.542,636.772
14406422507,1176100000000,214.78,22.182,1.19472,282.286,650.693
14406424507,1176100000000,214.78,42.266,55.0406,265.601,716.385
14406424927,1176100000000,214.78,27.857,3.42276,279.803,651.891
14406425187,1176100000000,214.78,14.915,167.489,276.061,696.007
14406426377,1176100000000,214.78,7.961,68.2993,258.336,747.726
14406428157,1176100000000,214.78,9.02,63.5884,288.385,617.988
14407129237,1176100000000,214.78,13.398,90.8232,416.33,571.461
14407131017,1176100000000,214.78,14.086,58.739,422.136,581.654
14407136087,1176100000000,214.78,32.828,85.7994,329.983,505.518
14407145627,1176100000000,214.78,19.202,51.9406,389.114,556.957
14407168780,446920000000,155.569,20.347,92.0201,450.285,592.662
14407168960,446920000000,155.569,14.224,141.93,344.918,566.907
14407169020,446920000000,155.569,22.292,86.3727,323.387,565.033
14407169160,446920000000,155.569,22.602,82.2081,407.975,576.765
14407169190,446920000000,155.569,25.824,43.992,401.943,562.265
14407169240,446920000000,155.569,27.536,40.3764,416.387,541.444
14407169360,446920000000,155.569,43.004,70.189,352.871,553.733
14407169550,446920000000,155.569,14.96,159.426,456.366,582.79
14407169670,446920000000,155.569,10.049,154.159,427.817,515.154
14407169800,446920000000,155.569,29.278,94.8521,372.175,549.313
14407169820,446920000000,155.569,20.472,120.307,332.795,566.948
14407170250,446920000000,155.569,9.223,41.7829,366.31,587.425
14407162463,682140000000,179.117,18.088,90.3675,350.937,581.235
14407162643,682140000000,179.117,23.418,26.9807,416.845,511.084
14407163143,682140000000,179.117,14.973,14.0468,360.803,554.362
14407164213,682140000000,179.117,24.861,167.3,339.885,523.013
14407164483,682140000000,179.117,20.371,51.8356,463.875,576.727
14407164603,682140000000,179.117,32.925,24.4743,437.513,522.346
14407165103,682140000000,179.117,13.943,14.5357,416.292,588.381
14407165613,682140000000,179.117,9.764,124.276,359.012,507.892
14407177153,682140000000,179.117,51.648,134.88,365.387,666.673
14407180213,682140000000,179.117,13.428,47.5895,458.383,736.222
14407181243,682140000000,179.117,13.523,26.207,347.673,636.85
14407182003,682140000000,179.117,9,47.8023,336.243,746.525
14407184893,682140000000,179.117,22.246,139.796,349.705,733.23
14407185153,682140000000,179.117,20.985,27.1141,336.132,719.589
14407185543,682140000000,179.117,22.142,114.003,317.105,743.121
14407186363,682140000000,179.117,21.943,21.3154,349.442,638.813
14407187473,682140000000,179.117,8.334,54.7753,430.589,639.328
14407188313,682140000000,179.117,15.101,11.1878,370.688,615.443
14407190273,682140000000,179.117,32.109,106.511,463.756,607.455
14407190433,682140000000,179.117,14.161,97.7507,326.263,735.873
14407190803,682140000000,179.117,42.938,26.5693,429.776,661.272
14407192163,682140000000,179.117,13.106,114.354,329.425,623.101
14407192293,682140000000,179.117,27.724,12.5116,388.472,647.743
14407193263,682140000000,179.117,12.296,22.0977,347.112,603.825
14407193443,682140000000,179.117,10.819,59.6827,356.183,737.212
14407196503,682140000000,179.117,20.007,100.135,357.021,734.113
14407198373,682140000000,179.117,19.49,73.074,323.979,746.034
14407199303,682140000000,179.117,21.631,56.1401,358.159,650.504
14407201143,682140000000,179.117,23.225,123.635,322.664,606.604
14407201843,682140000000,179.117,18.347,166.92,444.424,619.668
14407202153,682140000000,179.117,11.713,149.251,419.395,740.092
14407202183,682140000000,179.117,17.274,157.073,343.199,704.29
14407203543,682140000000,179.117,17.871,107.238,420.371,736.051
14407203633,682140000000,179.117,10.009,112.111,344.08,669.513
14407204023,682140000000,179.117,21.457,103.998,419.542,741.038
14407204083,682140000000,179.117,28.624,159.645,462.359,653.836
14407205353,682140000000,179.117,6.292,137.665,454.398,740.717
14407205433,682140000000,179.117,33.03,124.579,352.591,685.065
14407205603,682140000000,179.117,8.704,68.645,312.529,615.943
14407205873,682140000000,179.117,40.44,8.25838,391.826,630.24
14407205943,682140000000,179.117,18.334,156.517,427.929,698.325
14407205993,682140000000,179.117,43.509,116.109,362.508,736.132
14407206023,682140000000,179.117,17.51,125.965,457.937,654.249
14407206313,682140000000,179.117,23.388,148.345,338.973,684.081
14407206683,682140000000,179.117,13.226,98.2744,408.856,641.196
14407207133,682140000000,179.117,11.241,2.20419,380.042,739.364
14407207173,682140000000,179.117,15.186,73.1805,423.422,609.447
14407207213,682140000000,179.117,18.933,55.2208,347.862,619.946
14419616595,658620000000,177.034,48.923,242.718,403.706,658.792
14419621025,658620000000,177.034,8.434,193.882,333.34,584.349
14419623945,658620000000,177.034,12.566,201.7,420.775,715.03
14419626005,658620000000,177.034,12.787,228.661,430.659,721.666
14419626505,658620000000,177.034,26.682,209.643,321.011,648.078
14419626855,658620000000,177.034,19.339,208.378,344.978,726.983
14419627155,658620000000,177.034,34.815,237.496,456.975,700.703
14419627165,658620000000,177.034,16.111,246.031,450.658,659.454
14419627205,658620000000,177.034,30.978,233.752,440.367,625.628
14419628175,658620000000,177.034,28.26,232.025,342.78,626.18
14419628535,658620000000,177.034,5.509,193.256,453.897,627.397
14419629495,658620000000,177.034,50.779,226.802,392.124,601.544
14419587224,188180000000,116.601,31.018,204.594,371.05,546.237
14419588114,188180000000,116.601,19.032,197.54,417.446,515.774
14419589314,188180000000,116.601,31.576,193.116,344.73,505.894
14419591384,188180000000,116.601,18.906,194.524,452.194,540.636
14419592874,188180000000,116.601,16.446,207.173,325.175,529.857
14419594354,188180000000,116.601,9.789,228.599,330.277,607.973
14419595034,188180000000,116.601,20.603,195.201,402.387,678.389
14419595264,188180000000,116.601,23.292,243.133,442.417,676.605
14419597424,188180000000,116.601,15.962,184.85,399.148,637.992
14419597874,188180000000,116.601,42.273,175.398,375.819,597.539
14419600804,188180000000,116.601,14.361,223.793,339.323,619.882
14419612114,188180000000,116.601,8.17,167.832,346.246,664.685
14419629545,658620000000,177.034,17.921,221.176,339.437,723.042
14419630065,658620000000,177.034,20.468,175.691,448.491,619.63
14419631975,658620000000,177.034,17.847,194.968,375.829,585.976
14419632475,658620000000,177.034,32.127,210.433,427.163,588.32
14419673365,658620000000,177.034,13.326,239.942,415.669,739.916
14419674885,658620000000,177.034,32.277,209.488,462.014,739.624
14420303475,658620000000,177.034,11.545,213.837,482.126,502.033
14420305065,658620000000,177.034,18.574,215.167,479.724,503.697
14420327885,658620000000,177.034,11.466,176.999,474.707,562.839
14420329175,658620000000,177.034,16.85,178.856,478.768,547.147
14420355345,658620000000,177.034,9.164,221.809,478.041,629.769
14420356375,658620000000,177.034,49.03,244.302,471.76,515.843
14407335016,2328700000000,269.701,32.134,148.325,456.276,1119.22
14407339046,2328700000000,269.701,15.774,0.23098,442.746,1154.87
14407339686,2328700000000,269.701,62.351,112.801,344.897,1152.3
14407342706,2328700000000,269.701,34.572,161.832,319.764,1195.25
14407383496,2328700000000,269.701,28.217,152.829,327.852,1246.2
14408069126,2328700000000,269.701,45.9,133.192,471.255,1003.53
14408123906,2328700000000,269.701,33.882,86.3131,497.969,1121.96
14408124626,2328700000000,269.701,44.784,89.1337,486.917,1189.98
14418959296,2328700000000,269.701,11.267,195.87,273.735,1167.98
14418978046,2328700000000,269.701,35.044,206.946,261.124,1188.9
14418978336,2328700000000,269.701,33.898,189.318,258.457,1098.28
14418978956,2328700000000,269.701,38.621,227.529,300.764,1157.38
14420357955,658620000000,177.034,36.724,210.596,488.55,523.654
14420378955,658620000000,177.034,11.558,189.923,498.958,684.949
14420383745,658620000000,177.034,11.353,180.235,488.205,683.039
14420386545,658620000000,177.034,22.382,217.548,496.191,721.018
14420406455,658620000000,177.034,8.976,241.99,484.059,716.748
14406355535,635090000000,174.901,56.11,142.621,292.823,597.055
14406360905,635090000000,174.901,8.698,36.768,276.033,545.476
14406370745,635090000000,174.901,15.107,73.1698,283.569,555.081
14406372315,635090000000,174.901,46.601,153.252,272.07,519.914
14406381315,635090000000,174.901,26.91,48.4019,290.678,549.651
14406382085,635090000000,174.901,22.468,36.2031,269.751,505.524
14406383435,635090000000,174.901,14.968,130.015,310.196,588.626
14406383845,635090000000,174.901,25.105,144.702,308.557,607.918
14406384105,635090000000,174.901,24.258,36.2353,285.921,546.118
14406384555,635090000000,174.901,10.189,28.1239,291.744,562.005
14406384785,635090000000,174.901,27.86,121.853,288.785,586.689
14406384795,635090000000,174.901,40.853,97.37,285.009,567.733
14406385785,635090000000,174.901,10.064,130.075,262.64,593.553
14406385805,635090000000,174.901,12.17,118.159,285.562,542.114
14406386065,635090000000,174.901,19.267,25.5402,310.345,557.68
14406386445,635090000000,174.901,11.17,92.699,302.054,533.264
14406386625,635090000000,174.901,11.316,68.6754,293.84,543.817
14406386915,635090000000,174.901,35.458,131.163,297.465,605.276
14406386965,635090000000,174.901,16.464,87.4288,281.117,550.596
14407149357,1176100000000,214.78,29.82,71.7859,345.765,546.656
14407149927,1176100000000,214.78,14.537,104.715,364.891,514.214
14407152607,1176100000000,214.78,19.268,28.5315,365.83,599.527
14407153137,1176100000000,214.78,10.728,144.022,337.121,554.402
14407153257,1176100000000,214.78,13.579,167.444,393.443,538.556
14407153597,1176100000000,214.78,25.773,31.2074,385.024,515.11
14407154377,1176100000000,214.78,12.323,107.647,384.863,528.453
14407154577,1176100000000,214.78,20.795,76.3401,430.266,555.098
14407154687,1176100000000,214.78,22.879,96.0723,451.476,590.431
14407154747,1176100000000,214.78,10.694,114.442,378.254,512.884
14407154777,1176100000000,214.78,25.752,73.1096,464.675,522.97
14407155377,1176100000000,214.78,22.001,62.276,369.414,550.06
14407170400,446920000000,155.569,30.129,155.193,458.654,600.164
14407170410,446920000000,155.569,12.78,132.524,441.15,583.055
14407170450,446920000000,155.569,11.431,113.712,454.208,571.661
14407170490,446920000000,155.569,14.802,116.148,410.228,565.292
14407170850,446920000000,155.569,10.395,119.387,324.079,526.675
14407170930,446920000000,155.569,10.196,63.3383,417.593,552.573
14407171100,446920000000,155.569,14.937,1.95626,409.811,511.26
14407171140,446920000000,155.569,7.808,59.8625,372.927,546.836
14407171240,446920000000,155.569,10.194,76.5521,389.005,504.203
14407171310,446920000000,155.569,33.906,32.4754,336.344,514.023
14407171320,446920000000,155.569,57.951,7.75963,320.199,514.025
14407171800,446920000000,155.569,24.209,42.2657,454.613,586.241
14407171920,446920000000,155.569,19.773,38.7416,417.483,569.027
14407172020,446920000000,155.569,8.961,23.6339,460.14,501.693
14407173000,446920000000,155.569,45.218,30.2567,418.25,536.367
14407173530,446920000000,155.569,12.423,91.7107,395.338,568.586
